 Source Port, Destination Port, Protocol, Flow Duration, Flow Bytes/s, Flow Packets/s, Flow IAT Mean, Flow IAT Std, Flow IAT Max, Flow IAT Min,Fwd IAT Mean, Fwd IAT Std, Fwd IAT Max, Fwd IAT Min,Bwd IAT Mean, Bwd IAT Std, Bwd IAT Max, Bwd IAT Min,Active Mean, Active Std, Active Max, Active Min,Idle Mean, Idle Std, Idle Max, Idle Min,prediction,probability_tor
37832,47897,1,11601,89189.942,1745.519,11755,759,9848,637,8279,615,4087,282,13637,1806,10108,598,4037,990,16605,522,6288,906,16901,450,1,0.7023142462771403
64117,59881,17,29878,57467.412,2446.656,13079,956,18470,584,9015,4717,8815,852,19389,3967,5763,512,7687,956,10538,972,6080,1425,13545,499,1,0.9349661828031697
7642,50828,1,13234,85815.463,1647.445,6997,4086,10167,766,2638,2441,4304,653,8460,4475,9058,933,8429,1979,18500,251,6762,933,12602,836,1,0.7477943695880367
54699,17546,17,39594,50292.41,6377.913,6922,4851,9199,694,3145,320,18352,718,16249,814,4968,755,4627,35,13234,320,1329,1236,427,870,1,0.937399834607521
42611,10555,6,43403,97516.25,8433.084,17877,4600,12477,41,18204,1289,8760,710,17955,2946,10664,775,3340,746,5724,118,1570,1511,1785,771,1,0.7749942212042764
