 Source Port, Destination Port, Protocol, Flow Duration, Flow Bytes/s, Flow Packets/s, Flow IAT Mean, Flow IAT Std, Flow IAT Max, Flow IAT Min,Fwd IAT Mean, Fwd IAT Std, Fwd IAT Max, Fwd IAT Min,Bwd IAT Mean, Bwd IAT Std, Bwd IAT Max, Bwd IAT Min,Active Mean, Active Std, Active Max, Active Min,Idle Mean, Idle Std, Idle Max, Idle Min,prediction,probability_tor
12345,54321,6,10000,25000,600,3432,500,10000,80,3000,400,6000,90,2200,200,5500,60,1200,400,8500,50,800,330,9200,70,1,0.7409852489842923
23456,443,6,15000,30000,800,4000,600,12000,100,3500,450,7000,110,2500,250,6000,70,1500,450,9000,60,900,350,9500,80,1,0.7501726022119629
33221,8080,6,8000,18000,500,2800,400,8000,60,2500,350,5000,80,1800,180,4500,50,1000,380,7500,45,750,300,8500,65,1,0.74578920984623
55000,9000,17,5000,12000,300,1500,250,5000,40,1200,200,3000,50,1000,120,2500,35,800,300,6000,40,600,250,7000,55,1,0.9356609781347923
61234,21,6,20000,40000,1000,5000,700,15000,120,4000,500,8000,130,3000,300,7000,90,2000,500,10000,70,1100,400,10000,90,1,0.7918789149781239
