{
  "pcap_file": "data/pcap_files/real_capture.pcap",
  "analysis_time": "2025-11-16T22:15:21.669534",
  "total_packets": 28,
  "tor_flows": 2,
  "timing_patterns": [
    {
      "flow_id": "83.217.9.73->172.21.245.0",
      "packet_count": 14,
      "duration": 64.94157791137695,
      "total_bytes": 2616,
      "avg_packet_size": 186.85714285714286,
      "inter_packet_times": [
        6.354732036590576,
        6.809752941131592,
        4.657289981842041,
        3.855868101119995,
        7.910455942153931,
        4.349398851394653,
        7.794748067855835,
        0.14433002471923828,
        6.3704071044921875,
        3.685809850692749,
        4.567516088485718,
        1.8670780658721924,
        6.574190855026245
      ],
      "packet_sizes": [
        608,
        72,
        72,
        72,
        72,
        72,
        72,
        608,
        72,
        72,
        608,
        72,
        72,
        72
      ],
      "directions": [
        -1,
        -1,
        -1,
        -1,
        -1,
        -1,
        -1,
        -1,
        -1,
        -1,
        -1,
        -1,
        -1,
        -1
      ],
      "tor_relay": "83.217.9.73",
      "relay_nickname": "salsedo",
      "is_guard": true,
      "is_exit": true
    },
    {
      "flow_id": "172.21.245.0->83.217.9.73",
      "packet_count": 14,
      "duration": 64.74510478973389,
      "total_bytes": 6904,
      "avg_packet_size": 493.14285714285717,
      "inter_packet_times": [
        6.157250881195068,
        6.810871124267578,
        4.653702974319458,
        3.85224986076355,
        7.916614055633545,
        4.350348949432373,
        7.9392499923706055,
        0.0518641471862793,
        6.316187858581543,
        3.8843979835510254,
        4.3680260181427,
        1.867717981338501,
        6.57662296295166
      ],
      "packet_sizes": [
        72,
        608,
        608,
        608,
        608,
        608,
        608,
        608,
        72,
        608,
        72,
        608,
        608,
        608
      ],
      "directions": [
        1,
        1,
        1,
        1,
        1,
        1,
        1,
        1,
        1,
        1,
        1,
        1,
        1,
        1
      ],
      "tor_relay": "83.217.9.73",
      "relay_nickname": "salsedo",
      "is_guard": true,
      "is_exit": true
    }
  ]
}